{"stat.flyOneCm":358,"stat.deaths":1,"stat.walkOneCm":28295,"stat.useItem.minecraft.bread":1,"stat.jump":34,"stat.playOneMinute":6287,"stat.fallOneCm":422,"achievement.openInventory":7,"stat.leaveGame":1,"stat.damageTaken":360,"stat.damageDealt":1320,"stat.useItem.minecraft.diamond_pickaxe":24,"stat.timeSinceDeath":753,"stat.killEntity.LightningOreZombie":3,"stat.sprintOneCm":586,"stat.mobKills":4,"stat.useItem.minecraft.spawn_egg":4,"achievement.exploreAllBiomes":{"value":0,"progress":["Plains"]},"stat.mineBlock.minecraft.tallgrass":1}