{"stat.flyOneCm":6136,"stat.walkOneCm":20270,"stat.drop":3,"stat.jump":26,"stat.swimOneCm":827,"stat.playOneMinute":5327,"achievement.openInventory":1,"stat.leaveGame":1,"stat.damageDealt":350,"stat.timeSinceDeath":5327,"stat.killEntity.LightningOreZombie":1,"stat.useItem.minecraft.dirt":30,"stat.mobKills":1,"stat.sprintOneCm":303,"stat.useItem.minecraft.spawn_egg":11,"achievement.exploreAllBiomes":{"value":0,"progress":["Plains"]},"stat.mineBlock.minecraft.tallgrass":2,"stat.useItem.minecraft.diamond_sword":3,"stat.diveOneCm":3831}