{"stat.flyOneCm":3983,"stat.walkOneCm":21278,"stat.drop":2,"stat.jump":27,"stat.playOneMinute":7522,"achievement.openInventory":6,"stat.fallOneCm":422,"stat.leaveGame":1,"stat.damageTaken":80,"stat.damageDealt":320,"stat.useItem.minecraft.diamond_pickaxe":3,"stat.timeSinceDeath":7522,"stat.useItem.minecraft.furnace":1,"stat.killEntity.LightningOreZombie":1,"stat.useItem.minecraft.crafting_table":2,"stat.mobKills":1,"stat.sprintOneCm":33,"stat.useItem.minecraft.spawn_egg":1,"achievement.exploreAllBiomes":{"value":0,"progress":["Plains"]},"stat.useItem.minecraft.diamond_sword":4}