{"stat.flyOneCm":8347,"stat.walkOneCm":22314,"stat.drop":1,"stat.jump":31,"stat.swimOneCm":1294,"stat.playOneMinute":3869,"achievement.openInventory":3,"stat.fallOneCm":211,"stat.useItem.minecraft.milk_bucket":1,"stat.leaveGame":1,"stat.damageTaken":40,"stat.killEntity.Spider":1,"stat.damageDealt":650,"stat.killEntity.Zombie":2,"stat.timeSinceDeath":3869,"stat.useItem.minecraft.dirt":1,"stat.mineBlock.minecraft.dirt":2,"stat.sprintOneCm":83,"stat.mobKills":3,"stat.useItem.minecraft.spawn_egg":1,"achievement.exploreAllBiomes":{"value":0,"progress":["Plains"]},"stat.useItem.minecraft.diamond_sword":8,"stat.diveOneCm":195}