{"stat.flyOneCm":1673,"stat.walkOneCm":20838,"stat.jump":13,"stat.playOneMinute":2633,"achievement.openInventory":1,"stat.leaveGame":1,"stat.damageTaken":210,"stat.damageDealt":470,"stat.killEntity.Zombie":1,"stat.timeSinceDeath":2633,"stat.killEntity.LightningOreZombie":1,"stat.useItem.minecraft.dirt":16,"stat.sprintOneCm":1787,"stat.mobKills":2,"stat.useItem.minecraft.spawn_egg":2,"achievement.exploreAllBiomes":{"value":0,"progress":["Plains"]},"stat.mineBlock.minecraft.tallgrass":3,"stat.useItem.minecraft.diamond_sword":4}