{"stat.flyOneCm":1012,"stat.walkOneCm":9481,"stat.jump":12,"stat.playOneMinute":3466,"stat.fallOneCm":538,"stat.leaveGame":1,"stat.damageTaken":68,"stat.damageDealt":2000,"stat.killEntity.Zombie":1,"stat.timeSinceDeath":3466,"stat.killEntity.LightningOreZombie":7,"stat.useItem.minecraft.dirt":27,"stat.mobKills":8,"stat.sprintOneCm":115,"stat.useItem.minecraft.spawn_egg":12,"achievement.exploreAllBiomes":{"value":0,"progress":["Plains"]},"stat.mineBlock.minecraft.tallgrass":2,"stat.useItem.minecraft.diamond_sword":27}