{"stat.flyOneCm":9919,"stat.deaths":4,"stat.walkOneCm":59641,"stat.useItem.minecraft.bread":1,"stat.drop":1,"stat.jump":58,"stat.swimOneCm":895,"stat.playOneMinute":11576,"stat.fallOneCm":1688,"achievement.openInventory":3,"stat.leaveGame":1,"stat.damageTaken":1130,"stat.mineBlock.minecraft.crafting_table":1,"stat.damageDealt":2090,"stat.useItem.minecraft.diamond_pickaxe":24,"stat.timeSinceDeath":67,"stat.killEntity.LightningOreZombie":8,"stat.useItem.minecraft.dirt":3,"stat.sprintOneCm":7638,"stat.mobKills":8,"stat.useItem.minecraft.spawn_egg":80,"achievement.exploreAllBiomes":{"value":0,"progress":["Plains"]},"stat.useItem.minecraft.diamond_sword":9}