{"stat.flyOneCm":353,"stat.deaths":3,"stat.walkOneCm":67357,"stat.killEntity.PigZombie":3,"stat.useItem.minecraft.golden_sword":4,"stat.jump":2,"stat.killEntity.EntityHorse":2,"stat.playOneMinute":6646,"achievement.openInventory":3,"stat.killEntity.Sheep":1,"stat.leaveGame":1,"stat.damageTaken":800,"stat.killEntity.Slime":6,"stat.damageDealt":1410,"stat.crouchOneCm":51,"stat.timeSinceDeath":0,"stat.sprintOneCm":6467,"stat.mobKills":13,"achievement.exploreAllBiomes":{"value":0,"progress":["Plains"]},"stat.useItem.minecraft.diamond_sword":15}