{"stat.flyOneCm":23218,"stat.walkOneCm":36195,"stat.jump":30,"stat.swimOneCm":48,"stat.playOneMinute":7879,"achievement.openInventory":4,"stat.fallOneCm":422,"stat.leaveGame":1,"stat.damageTaken":230,"stat.damageDealt":2740,"stat.useItem.minecraft.diamond_pickaxe":5,"stat.timeSinceDeath":7879,"stat.killEntity.LightningOreZombie":7,"stat.sprintOneCm":57,"stat.mobKills":7,"stat.useItem.minecraft.spawn_egg":3,"achievement.exploreAllBiomes":{"value":0,"progress":["Plains"]},"stat.useItem.minecraft.diamond_sword":34,"stat.diveOneCm":278}